{
  "eta": 0.0109333073936203,
  "max_depth": 6,
  "min_child_weight": 4.364683797307595,
  "subsample": 0.9099123782831758,
  "colsample_bytree": 0.8223723905935159,
  "reg_alpha": 1.0923528073570044e-05,
  "reg_lambda": 8.710642616551963e-06,
  "gamma": 1.9883897769202787
}