{"n_estimators": 4825, "learning_rate": 0.02629302372379466, "num_leaves": 73, "max_depth": 12, "min_child_samples": 58, "min_child_weight": 0.0018333415911559103, "lambda_l1": 0.38314143747427726, "lambda_l2": 1.0247014286121914e-05, "feature_fraction": 0.8341316039600635, "bagging_fraction": 0.9086540304909569, "bagging_freq": 5, "max_bin": 198, "extra_trees": true, "class_weight": null, "min_split_gain": 0.2768734670466835}
