{"depth": 8, "learning_rate": 0.037472871695377434, "l2_leaf_reg": 0.9352946555809116, "bagging_temperature": 1.212940794018051, "iterations": 6380, "min_data_in_leaf": 2, "random_strength": 1.9149080964121181, "border_count": 224}